Event,Date,Status,Tickets Sold,Tickets Available
Monday Meditation at the Rockaway Summer House,Repeating Event,Live,0,2000
A Day of Kindfulness: Vegan Cooking & Meditation,"Jan 13, 2018 10:00 AM",Live,35,65
"NeverMind Day 1, Intensive Meditation Retreat with David Listen","Jan 14, 2018 9:00 AM",Live,42,158
"NeverMind Day 2, Intensive Meditation Retreat with David Listen","Jan 15, 2018 9:00 AM",Live,10,190
Meditate like a Buddha with Bhante Suddhaso,"Jan 17, 2018 7:30 PM",Live,7,193
Interdependence and Social Responsibility with Lama Zopa Tarchin,"Jan 18, 2018 7:00 PM",Live,19,181
WEEKEND RETREAT: Understanding Karma with Lama Zopa Tarchin,"Jan 19, 2018 8:00 PM",Live,18,232
Entering the Stream with Bhante Nalaka,"Jan 25, 2018 7:00 PM",Live,9,191
WEEKEND RETREAT: Stages of Progress with Bhante Nalaka,"Jan 26, 2018 8:00 PM",Live,15,235
Path and Fruit with Tahn Pamutto,Repeating Event,Live,0,200
WEEKEND RETREAT: The Ten Fetters with Ven. Pamutto,"Feb 2, 2018 8:00 PM",Live,3,246
The Way of Tea Ceremony,"Feb 6, 2018 7:00 PM",Live,20,180
"Inside and Out, A Day-Long Retreat with Ven. Pamutto","Feb 10, 2018 9:00 AM",Live,7,193
"Stillness and Motion, A Yoga & Meditation Retreat","Feb 11, 2018 9:00 AM",Live,15,185
3-DAY RETREAT: Still NeverMinding with David Listen,"Feb 16, 2018 8:00 PM",Live,13,237
Is Meditation Enough? with Rev. Phoebe,"Feb 22, 2018 7:00 PM",Live,5,195
WEEKEND RETREAT: Trusting the Mind with Rev. Phoebe,"Feb 23, 2018 8:00 PM",Live,2,248
10-DAY RETREAT: Vastness of Mind with Khenmo Drolma,"Mar 9, 2018 7:00 PM",Live,5,244
WEEKEND RETREAT: Awakening Creativity with Sister Ocean,"Mar 23, 2018 8:00 PM",Live,7,243
RIIS PARK: 8.30am Every Saturday Meditation & Yoga by the beach,Repeating Event,Draft,0,100
RIIS PARK: 8.30am Every Saturday Meditation & Yoga by the beach,"Jul 2, 2016 8:30 AM",Draft,0,100
"ROCKAWAY BEACH, NYC: Every Saturday 3pm meditation with Bhante Suddhāso",Repeating Event,Draft,0,100
ROCKAWAY BEACH: 8.30am Every Sunday Meditation by the beach,Repeating Event,Draft,0,100
"ROCKAWAY BEACH, NYC: 3pm meditation with Ajahn Punnadhammo","Aug 18, 2016 7:00 PM",Draft,0,200
"EAST VILLAGE: Khenmo Drolma, meditation and talk on the Four Immeasurables","Oct 2, 2016 1:00 PM",Draft,0,200
ROCKAWAY: Meditation at the Church,"Dec 2, 2016 7:00 PM",Draft,0,100
ROCKAWAY: Meditation at the Castle,"Dec 21, 2016 7:00 PM",Draft,0,100
Weekly Meditation at the Rockaway Summer House,"Jan 2, 2017 7:00 PM",Draft,0,2000
BUSHWICK: Developing a Soft Mind with Ven. Canda,"May 21, 2017 1:00 PM",Draft,0,200
Yoga on the Beach,Repeating Event,Draft,0,100
Sutta Studies with Bhante Suddhāso,"Aug 20, 2017 1:00 PM",Draft,0,100
Elements of Experience,"Sep 27, 2017 1:00 PM",Draft,0,100
Elements of Experience,"Sep 27, 2017 1:00 PM",Draft,0,100
Right Concentration,"Dec 26, 2017 7:00 PM",Draft,0,100
3-DAY RETREAT: NeverMind with David Listen,"Jan 26, 2018 8:00 PM",Draft,0,250
Sutta Study with Tahn Pamutto,"Feb 1, 2018 1:00 PM",Draft,0,200
"Rockaway Beach, NYC: No Strings Attached with Bhante Suddhāso","Feb 20, 2016 3:00 PM",Past,0,100
Belle Harbor: Special Event - Loving Kindness with Bhante Suddhāso,"Feb 21, 2016 11:00 AM",Past,0,100
"Williamsburg, BK: Party of One with Bhante Suddhāso","Feb 21, 2016 6:00 PM",Past,0,100
"ROCKAWAY BEACH, NYC: Every Saturday 3pm meditation with Bhante Suddhāso",Repeating Event,Past,0,100
MANHATTAN: 7PM Dharma Punx Meditation and Dhamma Talk on The Fear Factor with Bhante Suddhāso,"Mar 10, 2016 7:00 PM",Past,1,99
MANHATTAN: 7PM Peace of Mind Meditation Session & Talk with Bhante Suddhāso,"Mar 12, 2016 7:00 PM",Past,2,98
"Gowanus, BK: NEON-Lit Meditation with Bhante Suddhāso","Mar 21, 2016 6:00 PM",Past,9,91
"Williamsburg, BK: Wild At Heart Meditation with Bhante Suddhāso","Mar 25, 2016 7:00 PM",Past,0,100
"LOWER EAST SIDE, NYC: East Meets West * Meditation & Discussion with Bhante Saddhasara & Bhante Suddhaso","Mar 27, 2016 6:00 PM",Past,2,98
"QUEENS VILLAGE, NY: 6.30pm Meditation & Dhamma Talk with Bhikkhu Bodhi","Mar 30, 2016 6:30 PM",Past,0,100
"Sunset Park, BK: The Mindful Revolution * Meditation with Bhante Suddhāso","Apr 1, 2016 7:00 PM",Past,6,94
"MANHATTAN, NYC: Sutta Study with Bhante Suddhāso","Apr 2, 2016 10:00 AM",Past,1,99
"ROCKAWAY BEACH, NYC: WEEKEND RETREAT - Getting Grounded","Apr 8, 2016 7:00 PM",Past,51,158
LOWER EAST SIDE: 7PM Yuttadhammo Bhikkhu - Meditation Instructions,"Apr 17, 2016 7:00 PM",Past,12,88
"GOWANUS, BK: 7PM Yuttadhammo Bhikkhu - Neon Lit Meditation","Apr 19, 2016 7:00 PM",Past,11,89
MANHATTAN: 7PM Yuttadhammo Bhikkhu at Dharma Punx,"Apr 21, 2016 7:00 PM",Past,4,96
"FORT GREENE, BK: 8PM Ayya Yeshe, Yuttadhammo Bhikkhu & Bhante Suddhāso - Earth Day","Apr 22, 2016 8:00 PM",Past,4,96
TIBET HOUSE: Introduction to Insight Meditation with Bhante Suddhāso,"Apr 23, 2016 7:00 PM",Past,2,98
LOWER EAST SIDE: 7PM Bhante Suddhāso - Insight Meditation,"Apr 24, 2016 7:00 PM",Past,0,100
"WILLIAMSBURG, BK: 7PM Ayya Yeshe - Culture of Love","Apr 29, 2016 7:00 PM",Past,13,87
LOWER EAST SIDE: 7PM Bhante Suddhāso - Embracing Impermanence,"May 1, 2016 7:00 PM",Past,10,90
"GOWANUS, BK: 7PM Ayya Yeshe - Neon Lit Meditation","May 2, 2016 7:00 PM",Past,15,85
TIBET HOUSE: Engaged Buddhism: Compassion in Action with Ayya Yeshe,"May 6, 2016 7:00 PM",Past,6,94
LOWER EAST SIDE: 7PM Ayya Yeshe - The Sacred Feminine,"May 8, 2016 7:00 PM",Past,8,92
"WILLIAMSBURG, BK: Metta Meditation with Bhante Suddhāso","May 13, 2016 7:00 PM",Past,5,95
ROCKAWAY BEACH: Yoga & Meditation DAY-LONG RETREAT - Move & Meditate with Bhante Suddhaso & Lena Roca,"May 14, 2016 9:00 AM",Past,41,159
LOWER EAST SIDE: 7PM Bhante Suddhāso - Karma: Between Worlds,"May 15, 2016 7:00 PM",Past,3,97
"GREENPOINT, BK: METTA DAY-LONG RETREAT with Melissa McKay and Bhante Suddhaso","May 21, 2016 1:00 PM",Past,16,84
ROCKAWAY BEACH: 3PM Khenmo Drolma - Living Compassion,"May 21, 2016 3:00 PM",Past,3,197
LOWER EAST SIDE: 7PM Bhante Suddhāso - Reflections on the nature of Nibbāna,"May 22, 2016 7:00 PM",Past,5,95
EAST VILLAGE: 7PM Ayya Cittananda - Meditation & Discussion,"May 25, 2016 7:00 PM",Past,4,96
"WILLIAMSBURG, BK: Metta Meditation with Bhante Suddhāso","May 27, 2016 7:00 PM",Past,6,94
WEST VILLAGE: 7PM Bhante Suddhāso - Developing Focus,"May 28, 2016 7:00 PM",Past,12,88
ROCKAWAY BEACH: 8.30am Every Sunday Meditation & Yoga by the beach,Repeating Event,Past,0,100
LOWER EAST SIDE: 7PM Bhante Suddhāso - Buddhist Cosmology,"May 29, 2016 7:00 PM",Past,3,97
"LOWER EAST SIDE, NY: 7PM Bhante Suddhaso - Finding ease in the midst of urgency","Jun 5, 2016 7:00 PM",Past,2,98
"GOWANUS, BK: NEON-Lit Meditation with Bhante Suddhāso","Jun 6, 2016 7:00 PM",Past,5,95
STREET RETREAT: 9AM Day-Long Retreat with Bhante Suddhāso around NYC,"Jun 12, 2016 9:00 AM",Past,5,195
BOWERY: 7PM Ayya Sudhamma at Dharma Punx,"Jun 16, 2016 7:00 PM",Past,7,93
DAY-LONG RETREAT in a mansion in Staten Island with Bhante Suddhāso,"Jun 18, 2016 9:00 AM",Past,48,52
ROCKAWAY: 3PM Ayya Sudhamma Meditation & Dhamma discussion,"Jun 18, 2016 3:00 PM",Past,1,199
LOWER EAST SIDE: 7PM Ayya Sudhamma - Meditation & Dhamma Talk,"Jun 19, 2016 7:00 PM",Past,3,97
PIONEER WORKS: Introduction to Insight Meditation with Bhante Suddhāso,"Jun 21, 2016 7:30 PM",Past,11,189
EAST VILLAGE: Meditation & Dhamma discussion with Bhante Suddhāso,"Jun 23, 2016 7:00 PM",Past,1,199
Yoga & Meditation Half-Day Retreat with Bhante Suddhaso & Helen Timlin Kilgallen,"Jun 26, 2016 8:00 AM",Past,30,70
GREEN-WOOD CEMETERY: Guided Meditation with Bhante Suddhāso,"Jun 26, 2016 7:00 PM",Past,24,76
BUSHWICK: Meditation & Dhamma Talk with Bhante Suddhāso,"Jun 28, 2016 7:00 PM",Past,9,91
EAST VILLAGE: Meditation & Dhamma discussion with Bhante Rahula,"Jun 30, 2016 7:00 PM",Past,4,196
RIIS PARK: 8.30am Every Saturday Meditation & Yoga by the beach,"Jul 2, 2016 8:30 AM",Past,4,96
"ROCKAWAY BEACH, NYC: Every Saturday 3pm meditation with Bhante Suddhāso","Jul 2, 2016 3:00 PM",Past,3,97
ROCKAWAY BEACH: 8.30am Every Sunday Meditation by the beach,"Jul 3, 2016 8:30 AM",Past,5,95
"BUSHWICK: Yoga, Meditation & Dhamma Talk with Bhante Rahula","Jul 5, 2016 7:00 PM",Past,2,98
EAST VILLAGE: Meditation & Dhamma discussion with Bhante Suddhāso,"Jul 7, 2016 7:00 PM",Past,14,186
RIIS PARK: 8.30am Every Saturday Meditation & Yoga by the beach,"Jul 9, 2016 8:30 AM",Past,1,99
"ROCKAWAY BEACH, NYC: Every Saturday 3pm meditation with Bhante Suddhāso","Jul 9, 2016 3:00 PM",Past,0,100
ROCKAWAY BEACH: 8.30am Every Sunday Meditation by the beach,"Jul 10, 2016 8:30 AM",Past,2,98
BUSHWICK: Meditation & Dhamma Talk with Bhante Suddhāso,"Jul 12, 2016 7:00 PM",Past,8,92
EAST VILLAGE: Meditation & Dhamma discussion with Bhante Suddhāso,"Jul 14, 2016 7:00 PM",Past,4,196
Wake Up Call at Riis Park: A Day-Party with Rockaway Summer,"Jul 16, 2016 8:30 AM",Past,30,410
RIIS PARK: 8.30am Every Saturday Meditation & Yoga by the beach,"Jul 16, 2016 8:30 AM",Past,4,96
"ROCKAWAY BEACH, NYC: Every Saturday 3pm meditation with Bhante Suddhāso","Jul 16, 2016 3:00 PM",Past,0,100
ROCKAWAY BEACH: 8.30am Every Sunday Meditation by the beach,"Jul 17, 2016 8:30 AM",Past,2,98
BUSHWICK: Meditation & Dhamma Talk with Bhante Suddhāso,"Jul 19, 2016 7:00 PM",Past,4,96
EAST VILLAGE: Meditation & Dhamma discussion with Bhante Suddhāso,"Jul 21, 2016 7:00 PM",Past,6,194
RIIS PARK: 8.30am Every Saturday Meditation & Yoga by the beach,"Jul 23, 2016 8:30 AM",Past,3,97
"ROCKAWAY BEACH, NYC: Every Saturday 3pm meditation with Bhante Suddhāso","Jul 23, 2016 3:00 PM",Past,0,100
ROCKAWAY BEACH: 8.30am Every Sunday Meditation by the beach,"Jul 24, 2016 8:30 AM",Past,4,96
STREET RETREAT: 11AM Day-Long Retreat with Bhante Suddhāso around NYC,"Jul 24, 2016 11:00 AM",Past,11,189
BUSHWICK: Meditation with Khenmo Drolma. Calm Abiding; Befriending Oneself and Becoming a Friend to All,"Jul 26, 2016 7:00 PM",Past,11,89
PIONEER WORKS: Tonglen Meditation with Khenmo Drolma,"Jul 27, 2016 7:30 PM",Past,12,188
EAST VILLAGE: Meditation & talk on Strong Emotions with Khenmo Drolma,"Jul 28, 2016 7:00 PM",Past,2,198
"WILLIAMSBURG, BK: Meditation with Khenmo Drolma. Expanding our Capacity for Kindness and Compassion","Jul 29, 2016 7:00 PM",Past,1,99
ROCKAWAY: 8.30am Meditation & Yoga by the beach,"Jul 30, 2016 8:30 AM",Past,3,97
ROCKAWAY BEACH: 3PM Meditation & talk on Strong Emotions with Khenmo Drolma,"Jul 30, 2016 3:00 PM",Past,23,177
ROCKAWAY BEACH: 8.30am Every Sunday Meditation by the beach,"Jul 31, 2016 8:30 AM",Past,0,100
"FORT TILDEN: Art of Living, A Day Long Retreat with Khenmo Drolma","Jul 31, 2016 9:00 AM",Past,64,36
BUSHWICK: Meditation & Dhamma Talk with Bhante Suddhāso,"Aug 2, 2016 7:00 PM",Past,5,95
EAST VILLAGE: Meditation & Dhamma discussion with Bhikkhu Bodhi,"Aug 4, 2016 7:00 PM",Past,29,171
RIIS PARK: 8.30am Every Saturday Meditation & Yoga by the beach,"Aug 6, 2016 8:30 AM",Past,0,100
"ROCKAWAY BEACH, NYC: Every Saturday 3pm meditation with Bhante Suddhāso","Aug 6, 2016 3:00 PM",Past,0,100
ROCKAWAY BEACH: 8.30am Every Sunday Meditation by the beach,"Aug 7, 2016 8:30 AM",Past,2,98
BUSHWICK: Meditation & Dhamma Talk with Bhante Suddhāso,"Aug 9, 2016 7:00 PM",Past,0,100
EAST VILLAGE: Meditation & Dhamma discussion with Bhante Suddhāso,"Aug 11, 2016 7:00 PM",Past,1,199
"WILLIAMSBURG, BK: Metta Meditation with Bhante Suddhāso","Aug 12, 2016 7:00 PM",Past,0,100
Wake Up Call at Riis Park: A Day-Party with Rockaway Summer,"Aug 13, 2016 8:30 AM",Past,0,100
RIIS PARK: 8.30am Every Saturday Meditation & Yoga by the beach,"Aug 13, 2016 8:30 AM",Past,3,97
"ROCKAWAY BEACH, NYC: Every Saturday 3pm meditation with Bhante Suddhāso","Aug 13, 2016 3:00 PM",Past,0,100
ROCKAWAY BEACH: 8.30am Every Sunday Meditation by the beach,"Aug 14, 2016 8:30 AM",Past,0,100
FORT TILDEN: Healing Arts & Sunset Meditation with Bhante Suddhāso,"Aug 14, 2016 4:00 PM",Past,31,69
BUSHWICK: Meditation & Dhamma Talk with Bhante Suddhāso,"Aug 16, 2016 7:00 PM",Past,6,94
BUSHWICK: Meditation & Dhamma Talk with Brother Phap Hai,"Aug 16, 2016 7:00 PM",Past,0,100
PIONEER WORKS: Meditate like a Buddha – Mindfulness of Breathing with Ajahn Punnadhammo,"Aug 16, 2016 7:30 PM",Past,36,164
EAST VILLAGE: Meditation & Dhamma discussion with Ajahn Punnadhammo,"Aug 18, 2016 7:00 PM",Past,11,189
RIIS PARK: 8.30am Every Saturday Meditation & Yoga by the beach,"Aug 20, 2016 8:30 AM",Past,0,100
"ROCKAWAY BEACH, NYC: 3pm meditation with Ajahn Punnadhammo","Aug 20, 2016 3:00 PM",Past,0,100
ROCKAWAY BEACH: 8.30am Every Sunday Meditation by the beach,"Aug 21, 2016 8:30 AM",Past,0,100
BRONX: Day-Long Retreat - Deepening Samādhi with Ajahn Punnadhammo,"Aug 21, 2016 10:00 AM",Past,26,74
BUSHWICK: Meditation & Dhamma Talk with Bhante Suddhāso,"Aug 23, 2016 7:00 PM",Past,5,95
EAST VILLAGE: Meditation & Dhamma discussion with Bhante Suddhāso,"Aug 25, 2016 7:00 PM",Past,11,189
RIIS PARK: 8.30am Every Saturday Meditation & Yoga by the beach,"Aug 27, 2016 8:30 AM",Past,0,100
"ROCKAWAY BEACH, NYC: Every Saturday 3pm meditation with Bhante Suddhāso","Aug 27, 2016 3:00 PM",Past,3,97
ROCKAWAY BEACH: 8.30am Every Sunday Meditation by the beach,"Aug 28, 2016 8:30 AM",Past,2,98
STREET RETREAT BK Edition: 11AM Day-Long Retreat with Bhante Suddhāso around NYC,"Aug 28, 2016 11:00 AM",Past,8,192
GREEN-WOOD CEMETERY: Guided Meditation with Bhante Suddhāso,"Aug 28, 2016 7:00 PM",Past,19,81
BUSHWICK: Meditation & Dhamma Talk with Bhante Suddhāso,"Aug 30, 2016 7:00 PM",Past,7,93
EAST VILLAGE: Meditation & Dhamma discussion with Bhante Suddhāso,"Sep 1, 2016 7:00 PM",Past,5,195
RIIS PARK: 8.30am Every Saturday Meditation & Yoga by the beach,"Sep 3, 2016 8:30 AM",Past,3,97
"ROCKAWAY BEACH, NYC: Every Saturday 3pm meditation with Bhante Suddhāso","Sep 3, 2016 3:00 PM",Past,122,-2
ROCKAWAY BEACH: 8.30am Every Sunday Meditation by the beach,"Sep 4, 2016 8:30 AM",Past,5,95
BUSHWICK: Meditation & Dhamma Talk with Bhante Kondanna,"Sep 6, 2016 7:00 PM",Past,3,97
EAST VILLAGE: Meditation & Dhamma discussion with Bhante Suddhāso,"Sep 8, 2016 7:00 PM",Past,3,197
"ROCKAWAY BEACH, NYC: Every Saturday 3pm meditation with Bhante Suddhāso","Sep 10, 2016 3:00 PM",Past,9,91
ROCKAWAY BEACH: 8.30am Every Sunday Meditation by the beach,"Sep 11, 2016 8:30 AM",Past,1,99
BUSHWICK: Meditation & Dhamma Talk with Bhante Suddhāso,"Sep 13, 2016 7:00 PM",Past,4,96
EAST VILLAGE: Meditation & Dhamma discussion with Bhante Suddhāso,"Sep 15, 2016 7:00 PM",Past,1,199
RIIS PARK: 8.30am LAST DAY of Meditation & Yoga by the beach,"Sep 17, 2016 8:30 AM",Past,4,96
"ROCKAWAY BEACH, NYC: Every Saturday 3pm meditation with Bhante Suddhāso","Sep 17, 2016 3:00 PM",Past,4,96
UPSTATE NY: Day-Long Hiking & Meditation Retreat with Bhante Suddhāso,"Sep 18, 2016 11:00 AM",Past,39,162
BUSHWICK: Meditation & Dhamma Talk with Bhante Suddhāso,"Sep 20, 2016 7:00 PM",Past,2,98
RED HOOK: An evening of chocolate and meditation with Bhante Suddhāso,"Sep 21, 2016 7:00 PM",Past,107,143
EAST VILLAGE: Meditation & Dhamma discussion with Bhante Suddhāso,"Sep 22, 2016 7:00 PM",Past,3,197
WEEKEND RETREAT: Meditation At the Farm,"Sep 23, 2016 7:00 PM",Past,15,76
"ROCKAWAY BEACH, NYC: Every Saturday 3pm meditation with Bhante Suddhāso","Sep 24, 2016 3:00 PM",Past,2,98
BUSHWICK: Meditation & Dhamma Talk with Bhante Suddhāso,"Sep 27, 2016 7:00 PM",Past,14,86
"EAST VILLAGE: Khenmo Drolma, meditation and talk on the Four Immeasurables","Sep 29, 2016 7:00 PM",Past,11,189
BRONX: Day-long Meditation Retreat with Khenmo Drolma,"Oct 1, 2016 1:00 PM",Past,17,183
BUSHWICK: Day-long Meditation Retreat with Khenmo Drolma,"Oct 2, 2016 10:30 AM",Past,32,170
BUSHWICK: Meditation & Dhamma Talk with Bhante Suddhāso,"Oct 4, 2016 7:00 PM",Past,6,94
EAST VILLAGE: Meditation & Dhamma discussion with Bhikkhu Bodhi,"Oct 6, 2016 7:00 PM",Past,16,184
BUSHWICK: Day-Long Retreat with Yuttadhammo Bhikkhu,"Oct 8, 2016 10:30 AM",Past,32,68
FORT TILDEN: Day-Long Retreat with Yuttadhammo Bhikkhu,"Oct 9, 2016 10:00 AM",Past,40,60
BUSHWICK: Meditation & Dhamma Talk with Bhante Suddhāso,"Oct 11, 2016 7:00 PM",Past,5,95
ROCKAWAY: Meditation at the Castle,"Oct 12, 2016 7:00 PM",Past,4,96
EAST VILLAGE: Meditation & Dhamma discussion with Bhante Suddhāso,"Oct 13, 2016 7:00 PM",Past,1,199
ROCKAWAY: Meditation at the Church,"Oct 14, 2016 7:00 PM",Past,0,100
BUSHWICK: Meditation & Dhamma Talk with Bhante Suddhāso,"Oct 18, 2016 7:00 PM",Past,3,97
ROCKAWAY: Meditation at the Castle,"Oct 19, 2016 7:00 PM",Past,10,90
EAST VILLAGE: Meditation & Dhamma discussion with Bhante Suddhāso,"Oct 20, 2016 7:00 PM",Past,6,194
ROCKAWAY: Meditation at the Church,"Oct 21, 2016 7:00 PM",Past,0,100
ROCKAWAY: Sunday morning Meditation,"Oct 23, 2016 10:30 AM",Past,4,96
BUSHWICK: Meditation with Konin Melissa Cardenas,"Oct 25, 2016 7:00 PM",Past,2,98
ROCKAWAY: Meditation at the Castle,"Oct 26, 2016 7:00 PM",Past,2,98
EAST VILLAGE: Meditation & Dhamma discussion with Bhante Suddhāso,"Oct 27, 2016 7:00 PM",Past,4,196
ROCKAWAY: Meditation at the Church,"Oct 28, 2016 7:00 PM",Past,2,98
Walk to Feed the Hungry,"Oct 29, 2016 9:00 AM",Past,0,100
ROCKAWAY: Sunday morning Meditation with Bhante Nanda,"Oct 30, 2016 10:30 AM",Past,1,99
"WILLIAMSBURG, BK: Halloween Contemplation of Death with Bhante Suddhāso","Oct 30, 2016 6:00 PM",Past,37,163
BUSHWICK: Meditation & Dhamma Talk with Bhante Suddhāso,"Nov 1, 2016 7:00 PM",Past,1,99
ROCKAWAY: Meditation at the Castle,"Nov 2, 2016 7:00 PM",Past,0,100
EAST VILLAGE: Meditation & Dhamma discussion with Ven. Chang-Zhai,"Nov 3, 2016 7:00 PM",Past,7,193
ROCKAWAY: Meditation at the Church with Ven. Upasanti,"Nov 4, 2016 7:00 PM",Past,1,99
ROCKAWAY: Day- Long Retreat at the Castle,"Nov 5, 2016 10:00 AM",Past,7,93
BUSHWICK: Meditation & Dhamma Talk with Bhante Suddhāso,"Nov 8, 2016 7:00 PM",Past,1,99
ROCKAWAY: Meditation at the Castle,"Nov 9, 2016 7:00 PM",Past,4,96
EAST VILLAGE: Meditation with Rev. Kaizen Bob Gunn,"Nov 10, 2016 7:00 PM",Past,6,194
ROCKAWAY: Meditation at the Church,"Nov 11, 2016 7:00 PM",Past,0,100
UPSTATE NY: Day-Long Hiking & Meditation Retreat with Bhante Suddhāso,"Nov 12, 2016 11:00 AM",Past,66,144
ROCKAWAY: Sunday morning Meditation with Yingrik Drubpa Rinpoche,"Nov 13, 2016 10:30 AM",Past,1,99
BUSHWICK: Meditation & Dhamma Talk with Bhante Suddhāso,"Nov 15, 2016 7:00 PM",Past,2,98
ROCKAWAY: Meditation at the Castle,"Nov 16, 2016 7:00 PM",Past,9,91
EAST VILLAGE: Meditation & Dhamma discussion with Bhante Suddhāso,"Nov 17, 2016 7:00 PM",Past,7,193
ROCKAWAY: Meditation at the Church,"Nov 18, 2016 7:00 PM",Past,3,97
VOLUNTEER PAINT DAY,"Nov 19, 2016 10:00 AM",Past,13,1987
ROCKAWAY: Sunday morning Meditation,"Nov 20, 2016 10:30 AM",Past,2,98
INWOOD: Meditate like a Buddha with Bhante Suddhaso,"Nov 20, 2016 3:00 PM",Past,8,192
BUSHWICK: Meditation & Dhamma Talk with Bhante Suddhāso,"Nov 22, 2016 7:00 PM",Past,7,93
ROCKAWAY: Meditation at the Castle,"Nov 23, 2016 7:00 PM",Past,3,97
ROCKAWAY: Meditation at the Church,"Nov 25, 2016 7:00 PM",Past,2,98
VOLUNTEER PAINT WEEKEND,"Nov 26, 2016 10:00 AM",Past,1,1999
ROCKAWAY: Sunday morning Meditation,"Nov 27, 2016 10:30 AM",Past,1,99
INWOOD: Meditate like a Buddha with Bhante Suddhaso,"Nov 27, 2016 3:00 PM",Past,52,148
BUSHWICK: Meditation & Dhamma Talk with Bhante Suddhāso,"Nov 29, 2016 7:00 PM",Past,2,98
ROCKAWAY: Meditation at the Castle,"Nov 30, 2016 7:00 PM",Past,7,93
EAST VILLAGE: Meditation & Dhamma discussion with Bhikkhu Bodhi,"Dec 1, 2016 7:00 PM",Past,23,177
OPEN HOUSE: A Weekend of Wellness,"Dec 3, 2016 10:00 AM",Past,101,1899
BUSHWICK: Meditation & Dhamma Talk with Bhante Suddhāso,"Dec 6, 2016 7:00 PM",Past,0,100
Subway Loving Kindness Meditation,"Dec 7, 2016 5:00 PM",Past,15,85
EAST VILLAGE: Meditation & Dhamma discussion with Bhante Suddhāso,"Dec 8, 2016 7:00 PM",Past,9,191
WEEKEND RETREAT: Dependent Origination,"Dec 9, 2016 8:00 PM",Past,25,1143
Weekly Meditation at the Rockaway Summer House,"Dec 12, 2016 7:00 PM",Past,1,1999
BUSHWICK: Meditation & Dhamma Talk with Bhante Suddhāso,"Dec 13, 2016 7:00 PM",Past,1,99
ROCKAWAY: Meditation at the Castle,"Dec 14, 2016 7:00 PM",Past,0,100
Subway Loving Kindness Meditation,"Dec 15, 2016 5:00 PM",Past,2,98
EAST VILLAGE: Meditation & Dhamma discussion with Bhante Suddhāso,"Dec 15, 2016 7:00 PM",Past,4,196
Weekly Meditation at the Rockaway Summer House,"Dec 19, 2016 7:00 PM",Past,1,1999
BUSHWICK: Meditation & Dhamma Talk with Bhante Suddhāso,"Dec 20, 2016 7:00 PM",Past,2,98
ROCKAWAY: Meditation at the Castle,"Dec 21, 2016 7:00 PM",Past,4,96
EAST VILLAGE: Zazen with Konin Melissa Cardenas,"Dec 22, 2016 7:00 PM",Past,4,196
Weekly Meditation at the Rockaway Summer House,"Dec 26, 2016 7:00 PM",Past,1,1999
WEEK-LONG RETREAT: New Year’s Eve,"Dec 26, 2016 8:00 PM",Past,35,1113
BUSHWICK: Meditation & Dhamma Talk with Ven. Tahn Pamutto,"Dec 27, 2016 7:00 PM",Past,2,98
ROCKAWAY: Meditation at the Castle,"Dec 28, 2016 7:00 PM",Past,2,98
EAST VILLAGE: Meditation & Dhamma discussion with Bhante Nanda,"Dec 29, 2016 7:00 PM",Past,10,190
Weekly Meditation at the Rockaway Summer House,"Jan 2, 2017 7:00 PM",Past,7,1993
BUSHWICK: Meditation & Dhamma Talk with Bhante Suddhāso,"Jan 3, 2017 7:00 PM",Past,3,97
EAST VILLAGE: Meditation & Dhamma discussion with Bhante Suddhāso,"Jan 5, 2017 7:00 PM",Past,4,196
5-DAY RETREAT: The Peaceful Revolution,"Jan 6, 2017 8:00 PM",Past,16,1384
Weekly Meditation at the Rockaway Summer House,"Jan 9, 2017 7:00 PM",Past,1,1999
BUSHWICK: Meditation & Dhamma Talk with Bhante Suddhāso,"Jan 10, 2017 7:00 PM",Past,4,96
EAST VILLAGE: Meditation & Dhamma discussion with Bhante Suddhāso,"Jan 12, 2017 7:00 PM",Past,3,197
3-DAY RETREAT: Spiritual Activism,"Jan 13, 2017 8:00 PM",Past,32,1368
Weekly Meditation at the Rockaway Summer House,"Jan 16, 2017 7:00 PM",Past,6,1994
BUSHWICK: Tuesday Meditation & Dhamma Talk with Bhante Suddhāso,Repeating Event,Past,0,100
EAST VILLAGE: Thursday Meditation & Dhamma discussion with Bhante Suddhāso,Repeating Event,Past,0,200
Sunday Morning Meditation Workshop,"Jan 22, 2017 9:00 AM",Past,6,1994
WEEKEND RETREAT: The One Who is Not Busy ,"Jan 27, 2017 8:00 PM",Past,32,1368
BUSHWICK: Meditation & Dhamma Talk with Bhante Saddhasara,"Jan 31, 2017 7:00 PM",Past,0,100
EAST VILLAGE: Meditation & Dhamma discussion with Jayasara Bhikkhu,"Feb 2, 2017 7:00 PM",Past,1,199
"WEEKEND RETREAT: Wild at Heart, Metta Meditation ","Feb 3, 2017 8:00 PM",Past,32,1368
WEEKEND RETREAT: Themeless Meditation ,"Feb 10, 2017 8:00 PM",Past,21,1379
DAY-LONG: #GeneralStrike #F17 Meditation with Bhante Suddhaso,"Feb 17, 2017 10:00 AM",Past,4,196
Morning Meditation with Bhante Suddhaso,"Feb 18, 2017 9:00 AM",Past,1,199
INWOOD: Meditate like a Buddha with Bhante Suddhaso,"Feb 18, 2017 4:00 PM",Past,8,192
Sutta Studies with Bhante Suddhāso,"Feb 19, 2017 1:00 PM",Past,12,88
WEEK-LONG RETREAT: Mahasi Meditation,"Feb 19, 2017 6:00 PM",Past,25,1375
WEEKEND RETREAT: Chan Meditation,"Mar 3, 2017 8:00 PM",Past,25,1375
BUSHWICK: Meditation & Dhamma Talk with Khenmo Drolma,"Mar 7, 2017 7:00 PM",Past,2,198
EAST VILLAGE: Meditation & Dhamma discussion with Khenmo Drolma,"Mar 9, 2017 7:00 PM",Past,7,193
WEEKEND RETREAT: Emotional Intelligence with Khenmo Drolma,"Mar 10, 2017 8:00 PM",Past,47,1353
DAY-LONG: Metta Meditation with Bhante Nanda,"Mar 18, 2017 9:00 AM",Past,17,183
INWOOD: Meditate like a Buddha with Bhante Suddhaso,"Mar 18, 2017 4:00 PM",Past,33,167
"DAY-LONG: Tea, Yoga & Meditation","Mar 19, 2017 9:00 AM",Past,104,96
WEEKEND RETREAT: Getting Grounded Meditation Retreat ,"Mar 24, 2017 8:00 PM",Past,23,1377
WEEKEND RETREAT: Mindfulness Study Retreat - Mahāsatipaṭṭhāna Sutta,"Mar 31, 2017 8:00 PM",Past,47,1353
BUSHWICK: Tuesday Meditation & Dhamma Talk with Bhante Suddhāso,Repeating Event,Past,0,100
BUSHWICK: Developing a Soft Mind with Ven. Canda,"Apr 4, 2017 7:00 PM",Past,21,179
Thursday Meditation in the East Village,Repeating Event,Past,0,200
Build it Green: VOLUNTEER Weekend part 1,"Apr 8, 2017 10:00 AM",Past,28,372
Tea and Meditation: An afternoon with Ven. Tahn Pamutto,"Apr 9, 2017 3:30 PM",Past,6,94
BUSHWICK: Meditation with Ven. Tahn Pamutto,"Apr 11, 2017 7:00 PM",Past,0,200
EAST VILLAGE: Meditation & Dhamma discussion with Ven. Chang-Zhai,"Apr 13, 2017 7:00 PM",Past,4,196
Dharma for Kids with Ayya Yeshe (AGE: 5-10),"Apr 15, 2017 10:00 AM",Past,5,1195
Sacred Activism and the Bodhisattva Ideal with Ayya Yeshe,"Apr 15, 2017 2:00 PM",Past,21,1179
INWOOD: Meditate like a Buddha with Bhante Suddhaso,"Apr 15, 2017 4:00 PM",Past,10,190
"'Many Teachings, One Essence' with Ayya Yeshe and Bhante Suddhaso","Apr 16, 2017 10:00 AM",Past,22,1178
Buddhist Wisdom for Crazy Times with Ayya Yeshe,"Apr 17, 2017 8:00 PM",Past,5,195
BUSHWICK: Sacred Feminine with Ayya Yeshe,"Apr 18, 2017 7:00 PM",Past,2,198
WEEKEND RETREAT: The One Who is Not Busy ,"Apr 21, 2017 8:00 PM",Past,27,1373
MID-WEEK RETREAT: Mindfulness Meditation,"Apr 25, 2017 10:00 AM",Past,12,1108
Sutta Studies with Bhante Suddhaso,"Apr 27, 2017 7:00 PM",Past,14,186
Build it Green: VOLUNTEER Weekend part 2,"Apr 29, 2017 10:00 AM",Past,14,386
UPSTATE NY: Day-Long Hiking & Meditation Retreat with Bhante Suddhāso,"Apr 30, 2017 11:00 AM",Past,62,141
BUSHWICK: Meditation with Ajahn Piak,"May 2, 2017 7:00 PM",Past,18,182
Sutta Studies with Bhante Suddhaso,"May 4, 2017 7:00 PM",Past,7,193
2-DAY or 10-DAY Jhāna Retreat ,"May 5, 2017 8:00 PM",Past,48,1366
BUSHWICK: The Buddhist Swastika with Rev. Nakagaki,"May 9, 2017 7:00 PM",Past,9,191
EAST VILLAGE: Meditation & Dhamma discussion with Bhante Nanda,"May 11, 2017 7:00 PM",Past,5,195
BUSHWICK: Meditation with Ven. Tahn Pamutto,"May 16, 2017 7:00 PM",Past,3,197
EAST VILLAGE: Won Buddhism and Meditation,"May 18, 2017 7:00 PM",Past,11,189
Sutta Studies with Bhante Suddhaso,"May 18, 2017 7:00 PM",Past,3,197
STREET RETREAT: A Day-Long Retreat with Bhante Suddhāso around NYC,"May 20, 2017 11:00 AM",Past,6,194
INWOOD: Meditate like a Buddha with Bhante Suddhaso,"May 20, 2017 4:00 PM",Past,22,178
DAY-LONG RETREAT: From Separation to Seamless Reality with Amma Thanasanti,"May 21, 2017 9:00 AM",Past,20,1180
Meditation with Ven. Rev. Hokyu Malik Walker,"May 23, 2017 7:00 PM",Past,1,199
EAST VILLAGE: Meditation & Dhamma discussion with Amma Thanasanti,"May 25, 2017 7:00 PM",Past,26,174
3-DAY RETREAT: Sutta Study & Meditation - Mahā-Assapura Sutta,"May 26, 2017 8:00 PM",Past,26,134
Sutta Studies with Bhante Suddhaso,"Jun 1, 2017 7:00 PM",Past,12,188
"Tea and Meditation, a weekend retreat","Jun 2, 2017 8:00 PM",Past,27,133
Goodbye Bhati! Last Meditation Class with Bhante Suddhāso,"Jun 6, 2017 7:00 PM",Past,2,98
Sutta Studies with Bhante Suddhaso,"Jun 8, 2017 7:00 PM",Past,9,191
A Slice of Peace: Bread making & Meditation,"Jun 10, 2017 1:00 PM",Past,22,38
Reiki and Meditation,"Jun 11, 2017 10:00 AM",Past,16,104
Vegan Potluck at the Summer House,"Jun 11, 2017 12:30 PM",Past,5,195
Sunday Meditation,"Jun 11, 2017 3:00 PM",Past,20,180
Meditation with Ajahn Brahm ,"Jun 12, 2017 8:00 PM",Past,124,76
Entering the Jhānas with Ajahn Brahm ,"Jun 13, 2017 7:00 PM",Past,219,81
Wednesday Yoga at the Rockaway Summer House,Repeating Event,Past,0,2000
Sutta Studies with Bhante Suddhaso,"Jun 15, 2017 7:00 PM",Past,3,197
WEEKEND RETREAT: Contemplation of Death with Jayasara Bhikkhu ,"Jun 16, 2017 8:00 PM",Past,27,1373
Tea and Meditation in the Park,"Jun 21, 2017 5:00 PM",Past,64,136
EAST VILLAGE: Overcoming Anxiety with Bhante Ānanda,"Jun 22, 2017 7:00 PM",Past,67,133
DAY-LONG: The Path of the Bodhisattva with Rev. Kaizen Bob Gunn,"Jun 24, 2017 10:00 AM",Past,19,181
INWOOD: Meditate like a Buddha with Bhante Suddhaso,"Jun 24, 2017 4:00 PM",Past,20,180
DAY-LONG: Meditation and Chi-Gong,"Jun 25, 2017 10:00 AM",Past,13,1187
Sutta Studies with Bhante Suddhaso,"Jun 29, 2017 7:00 PM",Past,11,189
INDEPENDENCE DAY WEEKEND: Sutta Study & Meditation Retreat,"Jun 30, 2017 8:00 PM",Past,24,136
EAST VILLAGE: Avoiding Attachment with Sayadaw U Ottamasara ,"Jul 6, 2017 7:00 PM",Past,40,160
WEEKEND RETREAT: Meditation At the Farm,"Jul 7, 2017 7:00 PM",Past,19,73
DAY-LONG: Non-attachment (anupāda) with Sayadaw U Ottamasara,"Jul 8, 2017 10:00 AM",Past,39,1161
Planting Seeds with Good Deeds,"Jul 9, 2017 3:00 PM",Past,9,91
KARMA DINNER - An Italian Meal by Donation ,"Jul 12, 2017 6:00 PM",Past,11,69
Sutta Studies with Bhante Suddhaso,"Jul 13, 2017 7:00 PM",Past,7,193
INWOOD: Meditate like a Buddha with David Listen,"Jul 15, 2017 10:00 AM",Past,22,178
"Reiki and Meditation, a Day-Long Retreat","Jul 16, 2017 10:00 AM",Past,71,23
Meditation By the Beach,"Jul 18, 2017 8:30 AM",Past,1,99
Volunteer Weeding & Meditation,"Jul 19, 2017 4:00 PM",Past,2,98
Meditation By the Beach,"Jul 20, 2017 8:30 AM",Past,8,92
Sutta Studies with Bhante Suddhaso,"Jul 20, 2017 7:00 PM",Past,7,193
Zero Waste Workshop,"Jul 22, 2017 10:00 AM",Past,12,88
"Yoga for Every Body, Workshop","Jul 22, 2017 12:00 PM",Past,6,94
Tie-Dye & Meditation,"Jul 22, 2017 3:30 PM",Past,26,4
Printing Prayer Flags with RAA Press,"Jul 23, 2017 10:00 AM",Past,28,2
KARMA DINNER - Vegan Soul Food by Donation ,"Jul 23, 2017 6:00 PM",Past,15,45
Spiritual Activism: Transforming the Mind to Transform the World,"Jul 27, 2017 7:00 PM",Past,148,152
WEEKEND RETREAT: Dispelling Delusion,"Jul 28, 2017 8:00 PM",Past,67,93
Meditation By the Beach - Tuesday & Thursday,Repeating Event,Past,0,100
Introduction to Buddhist Meditation,"Aug 1, 2017 7:00 PM",Past,64,36
Sutta Studies with Bhante Suddhaso,"Aug 3, 2017 7:00 PM",Past,9,191
"WEEKEND RETREAT: Surfing, Yoga and Meditation  ","Aug 4, 2017 8:00 PM",Past,83,117
Workshop: Infused Water,"Aug 6, 2017 6:00 PM",Past,19,41
Boundless Benevolence,"Aug 8, 2017 7:00 PM",Past,17,83
Sutta Studies with Bhante Suddhaso,"Aug 10, 2017 7:00 PM",Past,2,198
"Nurturing the Heart, A Weekend Retreat with Ven. Thich Phap Hai","Aug 11, 2017 8:00 PM",Past,70,100
The Three Universal Characteristics,"Aug 15, 2017 7:00 PM",Past,11,89
KARMA DINNER - Vegan Food by Donation ,"Aug 16, 2017 6:00 PM",Past,22,38
Sutta Studies with Bhante Suddhaso,"Aug 17, 2017 7:00 PM",Past,7,193
The Illumined Heart: Sufi and Buddhist Meditation Retreat,"Aug 18, 2017 8:00 PM",Past,54,106
Elements of Experience,"Aug 22, 2017 7:00 PM",Past,11,89
Sutta Studies with Bhante Suddhaso,"Aug 24, 2017 7:00 PM",Past,10,190
"Holistic Wellness, A Weekend Retreat ","Aug 25, 2017 8:00 PM",Past,54,116
INWOOD: Meditate like a Buddha with David Listen,"Aug 26, 2017 4:00 PM",Past,20,180
Overcoming the Five Obstacles,"Aug 29, 2017 7:00 PM",Past,6,94
Sutta Studies with Bhante Suddhaso,"Aug 31, 2017 7:00 PM",Past,7,193
The Seven Factors of Enlightenment,"Sep 5, 2017 7:00 PM",Past,9,91
The Way of Tea Ceremony,"Sep 5, 2017 7:00 PM",Past,9,191
"Three paths, one mind with Ven. Pannavati","Sep 7, 2017 7:00 PM",Past,17,183
WEEKEND RETREAT: The Wisdom of Conscience with Ven. Pannavati,"Sep 8, 2017 8:00 PM",Past,55,205
Candlelight Meditation - 9/11 Memorial,"Sep 11, 2017 7:00 PM",Past,8,1992
Urban Forest: Meditation in the North Woods,"Sep 12, 2017 12:00 PM",Past,35,175
The Four Domains of Mindfulness,"Sep 12, 2017 7:00 PM",Past,6,94
KARMA DINNER: Jamaican Vegan Food by Donation ,"Sep 13, 2017 6:00 PM",Past,21,39
Emptiness with Rev. Monshin Naamon ,"Sep 14, 2017 7:00 PM",Past,22,178
"One Path, a weekend retreat discovering Tendai Buddhism","Sep 15, 2017 8:00 PM",Past,32,138
Causality and Conditionality,"Sep 19, 2017 7:00 PM",Past,1,99
Sutta Studies with Bhante Suddhaso,"Sep 21, 2017 7:00 PM",Past,5,195
Poetic Practice: A Chan Meditation Retreat,"Sep 22, 2017 8:00 PM",Past,41,149
Day-Long Hiking & Meditation Retreat with Bhante Suddhāso,"Sep 24, 2017 11:00 AM",Past,65,145
Scope of the Multiverse,"Sep 26, 2017 7:00 PM",Past,16,84
Sutta Studies with Bhante Suddhaso,"Sep 28, 2017 7:00 PM",Past,4,196
Introduction to Meditation Retreat,"Sep 29, 2017 8:00 PM",Past,45,115
Pali Class with Bhante Suddhaso,"Oct 1, 2017 7:00 PM",Past,9,191
Meditate for Puerto Rico,"Oct 3, 2017 7:00 PM",Past,1,99
The Way of Tea Ceremony,"Oct 3, 2017 7:00 PM",Past,10,190
Sutta Studies with Bhante Suddhaso,"Oct 5, 2017 7:00 PM",Past,8,192
"Listening to the Inner Voice, Weekend Retreat","Oct 6, 2017 8:00 PM",Past,65,101
Kathina Celebration,"Oct 9, 2017 10:00 AM",Past,20,80
Karma and Rebirth,"Oct 10, 2017 7:00 PM",Past,6,94
Wise Communication with Bhante Sukhacitto,"Oct 12, 2017 7:00 PM",Past,22,178
WEEKEND RETREAT: Knowing the Mind with Ajahn Punnadhammo,"Oct 13, 2017 8:00 PM",Past,48,112
"Warm Heart, Soft Mind with Ajahn Punnadhammo","Oct 16, 2017 8:00 PM",Past,4,96
Paths to Power with Ajahn Punnadhammo,"Oct 17, 2017 7:00 PM",Past,7,93
The Law of Karma with Ajahn Punnadhammo,"Oct 19, 2017 7:00 PM",Past,20,180
Samatha (Serenity Meditation) with Bhante Suddhaso,"Oct 21, 2017 10:00 AM",Past,36,164
Vipassanā (Insight Meditation) with Bhante Suddhaso,"Oct 22, 2017 10:00 AM",Past,37,163
"Six Paths to Joy, Mid-Week Retreat","Oct 23, 2017 6:00 PM",Past,14,146
Existence and Non-Existence,"Oct 24, 2017 7:00 PM",Past,9,91
Consciousness with Rev. Ryoei Tyler,"Oct 26, 2017 7:00 PM",Past,9,191
"Three Thousand Realities in a Single Moment, Weekend Retreat","Oct 27, 2017 8:00 PM",Past,20,140
Day-Long Hiking & Meditation Retreat with Bhante Suddhāso,"Oct 29, 2017 11:00 AM",Past,81,129
Contemplation of Death,"Oct 31, 2017 7:00 PM",Past,17,83
Sutta Studies with Bhante Suddhaso,"Nov 2, 2017 7:00 PM",Past,8,192
WEEKEND RETREAT: Attachment and Non-Attachment,"Nov 3, 2017 8:00 PM",Past,42,213
The Way of Tea Ceremony,"Nov 7, 2017 7:00 PM",Past,10,190
Peer-Led Meditation,Repeating Event,Past,0,100
Everyday Dharma with Jayasara Bhikkhu,"Nov 9, 2017 7:00 PM",Past,9,191
WEEKEND RETREAT: The Noble Eightfold Path with Bhikkhu Jayasāra,"Nov 10, 2017 8:00 PM",Past,34,215
Impermanence with Rev. Doyeon,"Nov 16, 2017 7:00 PM",Past,17,183
"Ocean of Wisdom, 10-Day Study and Meditation Retreat","Nov 17, 2017 8:00 PM",Past,20,140
CANCELLED: A Comfortable Life with Bhante Nanda,"Nov 23, 2017 7:00 PM",Past,10,190
Karma and Rebirth ,"Nov 28, 2017 7:00 PM",Past,3,97
Peace and Happiness with Bhante Gñāṇaloka,"Nov 30, 2017 7:00 PM",Past,23,177
The Dawn of Wisdom with Bhante Suddhaso,"Dec 2, 2017 8:30 AM",Past,5,195
Vegan Cooking Workshop,"Dec 2, 2017 2:30 PM",Past,62,38
Sangha Vegan Dinner,"Dec 2, 2017 6:00 PM",Past,12,48
The Causal Network with Bhante Suddhaso,"Dec 3, 2017 9:00 AM",Past,17,183
Finding Refuge with Tenzin Namsel,"Dec 5, 2017 7:00 PM",Past,5,95
The Way of Tea Ceremony,"Dec 5, 2017 7:00 PM",Past,30,170
The Gift of Giving with Tahn Pamutto,"Dec 7, 2017 7:00 PM",Past,8,192
"WEEKEND RETREAT: Soft Heart, Gentle Mind with Ven. Pamutto","Dec 8, 2017 8:00 PM",Past,27,222
"Right Action, Speech, and Livelihood","Dec 12, 2017 7:00 PM",Past,10,90
Propensities of Heart with Ven. Pannavati,"Dec 14, 2017 7:00 PM",Past,19,181
WEEKEND RETREAT: Dying to Live with Ven. Pannavati,"Dec 15, 2017 8:00 PM",Past,36,214
Right Effort and Right Mindfulness,"Dec 19, 2017 7:00 PM",Past,9,91
Peace and Joy with Bhante Suddhaso,"Dec 20, 2017 7:30 PM",Past,1,199
Sutta Study with Bhante Suddhaso,"Dec 21, 2017 7:00 PM",Past,0,200
WEEKLONG RETREAT: Greeting the New Year with Bhante Suddhaso,"Dec 26, 2017 6:00 PM",Past,43,206
A Comfortable Life with Bhante Nanda,"Dec 28, 2017 7:00 PM",Past,8,192
Right View and Right Intention,"Jan 2, 2018 7:00 PM",Past,21,79
The Way of Tea Ceremony,"Jan 2, 2018 7:00 PM",Past,19,181
Meditate like a Buddha with Bhante Suddhaso,"Jan 3, 2018 7:30 PM",Past,18,182
Sutta Study with Bhante Suddhaso,"Jan 4, 2018 7:00 PM",Past,6,194
WEEKEND RETREAT: Internal Balance with Bhante Suddhaso,"Jan 5, 2018 8:00 PM",Past,33,217
Meditate like a Buddha with Bhante Suddhaso,"Jan 10, 2018 7:30 PM",Past,12,188
Sutta Study with Bhante Suddhaso,"Jan 11, 2018 7:00 PM",Past,6,194
